{
    "installed": {
        "client_id": "815087347644-742huqat84r2p2oa9958qpqqd4fio634.apps.googleusercontent.com", 
        "project_id": "testtab-340213",
        "auth_uri": "https://accounts.google.com/o/oauth2/auth",
        "token_uri": "https://oauth2.googleapis.com/token",
        "auth_provider_x509_cert_url": "https://www.googleapis.com/oauth2/v1/certs",
        "client_secret": "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",
        "redirect_uris": [ "urn:ietf:wg:oauth:2.0:oob", "http://localhost" ]
    }
}