{
    "BPI-18": [
        {
            "firstName": "Kirill",
            "lastName": "Blinov",
            "patronymic": "Alekseevich",
            "id": "001"
        },
        {
            "firstName": "Kirill1",
            "lastName": "Blinov",
            "patronymic": "Alekseevich",
            "id": "002"
        },
        {
            "firstName": "Kirill2",
            "lastName": "Blinov",
            "patronymic": "Alekseevich",
            "id": "003"
        }
    ],
    "BPI-19": [
        {
            "firstName": "Kirill",
            "lastName": "Blinov",
            "patronymic": "Alekseevich",
            "id": "001"
        },
        {
            "firstName": "Kirill1",
            "lastName": "Blinov",
            "patronymic": "Alekseevich",
            "id": "002"
        },
        {
            "firstName": "Kirill2",
            "lastName": "Blinov",
            "patronymic": "Alekseevich",
            "id": "003"
        }
    ]
}